izvirno_ime;iskalno_ime;geonames_ime;drzava;country_code;lat;lon;geonames_id;status;opomba
Slovenija;Slovenija;Slovenija;Slovenija;SI;46.08333;15.0;3190538.0;ročno potrjeno;Slovenija, Slovenija
Trst;Trst;Trst;Italija;IT;45.64953;13.77678;3165185.0;ročno potrjeno;Trst, Trieste, Furlanija - Julijska krajina, Italija
Sv. Križ;Sv. Križ;Sveti Križ Začretje;Hrvaška;HR;46.08224;15.90704;11049213.0;ročno potrjeno;Sveti Križ Začretje, Sv. Križ Začretje, Krapina-Zagorje County, Hrvaška
Srbija;Srbija;Srbija;Srbija;RS;44.81892;20.45998;6290252.0;ročno potrjeno;Srbija, Srbija
Novo Mesto;Novo Mesto;Novo mesto;Slovenija;SI;45.80397;15.16886;3194351.0;ročno potrjeno;Novo mesto, Mestna občina Novo mesto, Slovenija
Grčija/Helenska republika;Grčija;Grčija;Grčija;GR;39.0;22.0;390903.0;ročno potrjeno;Grčija, Grčija
Rijeka;Rijeka;Reka;Hrvaška;HR;45.32673;14.44241;3191648.0;ročno potrjeno;Reka, Grad Rijeka, Primorje-Gorski Kotar County, Hrvaška
Karlovac;Karlovac;Karlovec;Hrvaška;HR;45.49167;15.55;3345300.0;ročno potrjeno;Karlovec, Grad Karlovac, Karlovačka, Hrvaška
Subotica;Subotica;Subotica;Srbija;RS;46.1;19.66667;3189595.0;ročno potrjeno;Subotica, North Bačka, Vojvodina, Srbija
Albanija;Albanija;Albanija;Albanija;AL;41.0;20.0;783754.0;ročno potrjeno;Albanija, Albanija
Gorica;Gorica;;;;;;;ni razrešeno;noben kandidat ni bil pravilen
Jesenice;Jesenice;Občina Jesenice;Slovenija;SI;46.4324;14.06232;3198647.0;ročno potrjeno;Občina Jesenice, Občina Jesenice, Slovenija
Borovnica;Borovnica;Borovnica;Slovenija;SI;45.91752;14.36444;3203677.0;ročno potrjeno;Borovnica, Občina Borovnica, Slovenija
Kragujevac;Kragujevac;Kragujevac;Srbija;RS;42.35708;21.77072;859346.0;ročno potrjeno;Kragujevac, Srbija
Moste;Moste;Moste District;Slovenija;SI;46.04906;14.54991;13589581.0;ročno potrjeno;Moste District, Moste District, Mestna občina Ljubljana, Slovenija
Primorje;Koper;Koper;Slovenija;SI;45.5482;13.72963;3197753.0;ročno potrjeno;Koper, Mestna občina Koper, Slovenija
Zagorje;Zagorje;;;;;;;ni razrešeno;noben kandidat ni bil pravilen
Dol. Logatec;Dolenji Logatec;Dolenji Logatec;Slovenija;SI;45.93444;14.24167;3201823.0;ročno potrjeno;Dolenji Logatec, Občina Logatec, Slovenija
Ježica;Ježica;Ježica;Slovenija;SI;46.1;14.51667;3198606.0;ročno potrjeno;Ježica, Mestna občina Ljubljana, Slovenija
Mitrovica;Mitrovica;Sremska Mitrovica;Srbija;RS;44.97639;19.61222;3190103.0;ročno potrjeno;Sremska Mitrovica, Srem, Vojvodina, Srbija
Osijek;Osijek;Osijek;Hrvaška;HR;45.55066;18.6942;3193935.0;ročno potrjeno;Osijek, Grad Osijek, Osijek-Baranja County, Hrvaška
Tržič;Tržič;Tržič;Slovenija;SI;46.36357;14.31046;3188688.0;ročno potrjeno;Tržič, Občina Tržič, Slovenija
Št. Vid;Šentvid;Šentvid;Slovenija;SI;46.09639;14.46972;3191021.0;ročno potrjeno;Šentvid, Mestna občina Ljubljana, Slovenija
Bitolje;Bitovlje;Bitovlje;Bosna in Hercegovina;BA;44.13917;17.95222;3288493.0;ročno potrjeno;Bitovlje, FBiH, Bosna in Hercegovina
Breg;Breg;Breg pri Kočevju;Slovenija;SI;45.65922;14.84141;8990185.0;ročno potrjeno;Breg pri Kočevju, Občina Kočevje, Slovenija
Cerklje pri Krškem;Cerklje;Cerklje ob Krki;Slovenija;SI;45.88343;15.5128;3202710.0;ročno potrjeno;Cerklje ob Krki, Občina Brežice, Slovenija
Gorenja vas;Gorenja vas;Gorenja vas;Slovenija;SI;46.1074;14.14769;3200379.0;ročno potrjeno;Gorenja vas, Občina Gorenja vas - Poljane, Slovenija
Hercegovina;Hercegovina;Hercegovina;Bosna in Hercegovina;BA;43.0;17.83333;3199389.0;ročno potrjeno;Hercegovina, Bosna in Hercegovina
Hrastnik;Hrastnik;Hrastnik;Slovenija;SI;46.14655;15.08456;3199297.0;ročno potrjeno;Hrastnik, Občina Hrastnik, Slovenija
Konjice;Konjice;Slovenske Konjice;Slovenija;SI;46.33735;15.42329;3190530.0;ročno potrjeno;Slovenske Konjice, Občina Slovenske Konjice, Slovenija
Kosovo;Kosovo;Kosovo;Kosovo;XK;42.58333;20.91667;831053.0;ročno potrjeno;Kosovo, Kosovo
Kostanjevica;Kostanjevica;Kostanjevica na Krki;Slovenija;SI;45.8456;15.42036;3197581.0;ročno potrjeno;Kostanjevica na Krki, Občina Kostanjevica na Krki, Slovenija
Mladenovac;Mladenovac;Mladenovac;Srbija;RS;44.43861;20.69917;787893.0;ročno potrjeno;Mladenovac, Belgrade, Central Serbia, Srbija
Mompiano pri Bresci;Mompiano;Mompiano;Italija;IT;44.65427;8.10722;8970022.0;ročno potrjeno;Mompiano, Provincia di Cuneo, Piemont, Italija
Pančevo;Pančevo;Pančevo;Srbija;RS;44.87177;20.64167;787237.0;ročno potrjeno;Pančevo, South Banat, Vojvodina, Srbija
Pobrežje;Pobrežje;Pobrežje;Slovenija;SI;46.38472;15.87861;3193110.0;ročno potrjeno;Pobrežje, Občina Videm, Slovenija
Preserje;Preserje;Preserje;Slovenija;SI;45.95694;14.41889;3192504.0;ročno potrjeno;Preserje, Občina Brezovica, Slovenija
Primskovo pri Kranju;Primskovo;Primskovo;Slovenija;SI;45.97173;14.91038;6956381.0;ročno potrjeno;Primskovo, Občina Šmartno pri Litiji, Slovenija
Studenec;Studenec;Studenec;Slovenija;SI;45.76639;14.14861;3189633.0;ročno potrjeno;Studenec, Občina Postojna, Slovenija
Vranje;Vranje;Vranje;Srbija;RS;42.55139;21.90028;784227.0;ročno potrjeno;Vranje, Pčinja, Central Serbia, Srbija
Wuertenberg;Nemčija;Nemčija;Nemčija;DE;51.5;10.5;2921044.0;ročno potrjeno;Nemčija, Nemčija
Šmarje-Sap;Šmarje-Sap;Šmarje - Sap;Slovenija;SI;45.97618;14.61177;3190512.0;ročno potrjeno;Šmarje - Sap, Občina Grosuplje, Slovenija
Antijohija;Antiohija;Antakya;Turčija;TR;36.20655;36.15722;323779.0;ročno potrjeno;Antakya, Antakya İlçesi, Hatay, Turčija
Belapeč;Bela peč;Bela Peč;Slovenija;SI;46.2487;14.71781;8988986.0;ročno potrjeno;Bela Peč, Občina Kamnik, Slovenija
Bettina (dalmatinsko Primorje);Betina;Betina;Hrvaška;HR;43.824;15.60479;3204251.0;ročno potrjeno;Betina, Tisno, Šibensko-Kniniska, Hrvaška
Bezdan;Bezdan;Bezdan;Srbija;RS;45.84939;18.92402;3204249.0;ročno potrjeno;Bezdan, West Bačka, Vojvodina, Srbija
Bistrica;Bistrica;Občina Bistrica ob Sotli;Slovenija;SI;46.06001;15.64725;3344912.0;ročno potrjeno;Občina Bistrica ob Sotli, Občina Bistrica ob Sotli, Slovenija
Bos. Brod;Bosanski Brod;Brod;Bosna in Hercegovina;BA;45.13747;17.98722;3203651.0;ročno potrjeno;Brod, Republika Srpska, Bosna in Hercegovina
Brdo;Brdo;Brdo;Bosna in Hercegovina;BA;44.40884;18.43724;3243878.0;ročno potrjeno;Brdo, Bosna in Hercegovina
Breg pri Ptuju;Breg;Breg ob Savi;Slovenija;SI;46.20614;14.38242;3203468.0;ročno potrjeno;Breg ob Savi, Občina Šenčur, Slovenija
Brod;Brod;Slavonski Brod;Hrvaška;HR;45.16158;18.0163;3190586.0;ročno potrjeno;Slavonski Brod, Grad Slavonski Brod, Brodsko-Posavska, Hrvaška
Bukov žlak;Bukovo;Bukovo;Severna Makedonija;MK;40.99435;21.33228;792135.0;ročno potrjeno;Bukovo, Bitola, Severna Makedonija
Dolga vas;Dolga vas;Dolga vas;Slovenija;SI;46.58778;16.44167;3201808.0;ročno potrjeno;Dolga vas, Občina Lendava, Slovenija
Doljni Banat;Banat;Banat;Romunija;RO;45.5;21.75;685492.0;ročno potrjeno;Banat, Romunija
Dravska dolina;Drava;;;;;;;ni razrešeno;noben kandidat ni bil pravilen
Fokovce;Fokovci;Fokovci;Slovenija;SI;46.73333;16.26667;3200826.0;ročno potrjeno;Fokovci, Občina Moravske Toplice, Slovenija
Gaberje pri Celju;Gaberje;Gabrje;Slovenija;SI;46.07027;14.40902;3200794.0;ročno potrjeno;Gabrje, Občina Dobrova - Polhov Gradec, Slovenija
Gerezzago;Italija;Italija;Italija;IT;42.83333;12.83333;3175395.0;ročno potrjeno;Italija, Italija
Gornja Bavarska;Bavarska;München;Nemčija;DE;48.13743;11.57549;2867714.0;ročno potrjeno;München, Upper Bavaria, Bavarska, Nemčija
Gornja sv. Kungota;Kungota;Zgornja Kungota;Slovenija;SI;46.63867;15.61489;3186538.0;ročno potrjeno;Zgornja Kungota, Občina Kungota, Slovenija
Griže pri Žalcu;Griže;Griže;Slovenija;SI;46.22944;15.15056;3199558.0;ročno potrjeno;Griže, Občina Žalec, Slovenija
Harmansdorf pri Gradcu;Avstrija;Avstrija;Avstrija;AT;47.33333;13.33333;2782113.0;ročno potrjeno;Avstrija, Avstrija
Hoče;Hoče;Občina Hoče - Slivnica;Slovenija;SI;46.49114;15.62378;3344920.0;ročno potrjeno;Občina Hoče - Slivnica, Občina Hoče - Slivnica, Slovenija
Idrija;Idrija;Idrija;Slovenija;SI;46.00295;14.02787;3199171.0;ročno potrjeno;Idrija, Občina Idrija, Slovenija
Javornik;Javornik;Slovenski Javornik;Slovenija;SI;46.42611;14.08722;3217860.0;ročno potrjeno;Slovenski Javornik, Občina Jesenice, Slovenija
Kamna Gorica;Kamna Gorica;Kamna Gorica;Slovenija;SI;46.31667;14.2;3198368.0;ročno potrjeno;Kamna Gorica, Občina Radovljica, Slovenija
Kamnje na Primorskem;Kamnje;Kamnje;Slovenija;SI;45.89972;13.83333;3198359.0;ročno potrjeno;Kamnje, Občina Ajdovščina, Slovenija
Kanalska dolina;Kanal;Kanal;Slovenija;SI;46.08741;13.63488;3198354.0;ročno potrjeno;Kanal, Občina Kanal ob Soči, Slovenija
Kandija pri Novem mestu;Novo mesto;Novo mesto;Slovenija;SI;45.80397;15.16886;3194351.0;ročno potrjeno;Novo mesto, Mestna občina Novo mesto, Slovenija
Kastvo;Kastovo;Kastovo;Rusija;RU;58.15402;44.46557;551822.0;ročno potrjeno;Kastovo, Rusija
Kavkazija;Kavkaz;Kavkaz;Gruzija;GE;42.5;45.0;573081.0;ročno potrjeno;Kavkaz, Gruzija
Knjaževac;Knjaževac;Knjazevac;Srbija;RS;43.56634;22.25701;6619277.0;ročno potrjeno;Knjazevac, Zaječar, Central Serbia, Srbija
Kostrivnica pri Rogaški Slatini;Kostrivnica;Zgornja Kostrivnica;Slovenija;SI;46.26306;15.59389;3186539.0;ročno potrjeno;Zgornja Kostrivnica, Občina Rogaška Slatina, Slovenija
Kočevska Reka pri Kočevju;Kočevska Reka;Kočevska Reka;Slovenija;SI;45.57639;14.79694;3197941.0;ročno potrjeno;Kočevska Reka, Občina Kočevje, Slovenija
Kožana na Goriškem;Kožana;Kozana;Slovenija;SI;45.99278;13.55028;3197494.0;ročno potrjeno;Kozana, Občina Brda, Slovenija
Kraljevo;Kraljevo;Kraljevo;Srbija;RS;43.72583;20.68944;789107.0;ročno potrjeno;Kraljevo, Raška, Central Serbia, Srbija
Krčevina pri Mariboru;Krčevina;Krčevina;Slovenija;SI;46.43301;16.20914;3197323.0;ročno potrjeno;Krčevina, Občina Ormož, Slovenija
Krška vas;Krška vas;Krška vas;Slovenija;SI;45.9;15.56667;3197148.0;ročno potrjeno;Krška vas, Občina Brežice, Slovenija
Kukori;Kukor;Kukor;Bosna in Hercegovina;BA;43.85667;18.56111;3266075.0;ročno potrjeno;Kukor, Republika Srpska, Bosna in Hercegovina
Kumanovo;Kumanovo;Kumanovo;Severna Makedonija;MK;42.13279;21.71585;788886.0;ročno potrjeno;Kumanovo, Kumanovo, Severna Makedonija
Kupčinci v Prekmurju;Prekmurje;Prekmurje;Slovenija;SI;46.66667;16.16667;3192542.0;ročno potrjeno;Prekmurje, Mestna občina Murska Sobota, Slovenija
Lipnica;Lipnica;Lipnitsa;Bolgarija;BG;43.59363;23.8151;729613.0;ročno potrjeno;Lipnitsa, Obshtina Mizia, Vratsa, Bolgarija
Log pri Lobnici;Log;Občina Log - Dragomer;Slovenija;SI;46.01537;14.37474;8133582.0;ročno potrjeno;Občina Log - Dragomer, Občina Log - Dragomer, Slovenija
Log pri Sevnici;Sevnica;Sevnica;Slovenija;SI;46.00792;15.31646;3190950.0;ročno potrjeno;Sevnica, Občina Sevnica, Slovenija
Log pri Studencu;Studenec;Studenec na Blokah;Slovenija;SI;45.76417;14.53361;3218699.0;ročno potrjeno;Studenec na Blokah, Občina Bloke, Slovenija
Makole pri Slovenski Bistrici;Makole;Makole;Slovenija;SI;46.31638;15.66632;3195883.0;ročno potrjeno;Makole, Občina Makole, Slovenija
Mačva;Mačva;Mačva;Srbija;RS;44.76667;19.5;3195963.0;ročno potrjeno;Mačva, Srbija
Mline;Mlin;;;;;;;ni razrešeno;noben kandidat ni bil pravilen
Moedling pri Dunaju;Dunaj;Dunaj;Avstrija;AT;48.20849;16.37208;2761369.0;ročno potrjeno;Dunaj, Wien Stadt, Dunaj, Avstrija
Molinja vas pri Novem mestu;Novo mesto;Novo mesto;Slovenija;SI;45.80397;15.16886;3194351.0;ročno potrjeno;Novo mesto, Mestna občina Novo mesto, Slovenija
Moravče;Moravče;Moravče;Slovenija;SI;46.13694;14.745;3194873.0;ročno potrjeno;Moravče, Občina Moravče, Slovenija
Mošnje pri Radovljici;Mošnje;Mošnje;Slovenija;SI;46.33481;14.2109;3194839.0;ročno potrjeno;Mošnje, Občina Radovljica, Slovenija
Niš;Niš;Niš;Srbija;RS;43.32472;21.90333;787657.0;ročno potrjeno;Niš, Nišava, Central Serbia, Srbija
Obrenovec;Obrenovac;Obrenovac;Srbija;RS;44.65486;20.20017;787516.0;ročno potrjeno;Obrenovac, Belgrade, Central Serbia, Srbija
Opatija;Opatija;Opatija;Hrvaška;HR;45.33658;14.30782;3194099.0;ročno potrjeno;Opatija, Grad Opatija, Primorje-Gorski Kotar County, Hrvaška
Ostrožno;Ostrožno;Ostrožno pri Ločah;Slovenija;SI;46.28404;15.48324;8989161.0;ročno potrjeno;Ostrožno pri Ločah, Občina Slovenske Konjice, Slovenija
Ovće polje;Ovće polje;Овче Поле;Severna Makedonija;MK;41.84722;22.02667;787289.0;ročno potrjeno;Овче Поле, Severna Makedonija
Panamski prekop;Panama;Panama;Panama;PA;9.0;-80.0;3703430.0;ročno potrjeno;Panama, Panama
Perugija;Peruggia;Perugia;Italija;IT;43.1122;12.38878;3171180.0;ročno potrjeno;Perugia, Provincia di Perugia, Umbrija, Italija
Pesnica;Pesnica;Občina Pesnica;Slovenija;SI;46.62583;15.71278;3239215.0;ročno potrjeno;Občina Pesnica, Občina Pesnica, Slovenija
Podenzana v Toscani;Podenzana;Podenzana;Italija;IT;44.20625;9.94199;3170538.0;ročno potrjeno;Podenzana, Provincia di Massa-Carrara, Toskana, Italija
Podgorica;Podgorica;Podgorica;Črna gora;ME;42.44124;19.26309;3193044.0;ročno potrjeno;Podgorica, Podgorica, Črna gora
Podgrad pri Novem mestu;Podgrad;Podgrad;Slovenija;SI;45.73333;15.2;3193025.0;ročno potrjeno;Podgrad, Mestna občina Novo mesto, Slovenija
Ponikva;Ponikva;Ponikva pri Žalcu;Slovenija;SI;46.31222;15.14194;3192748.0;ročno potrjeno;Ponikva pri Žalcu, Občina Žalec, Slovenija
Pontabelj;Italija;Italija;Italija;IT;42.83333;12.83333;3175395.0;ročno potrjeno;Italija, Italija
Poruhrje;Nemčija;Nemčija;Nemčija;DE;51.5;10.5;2921044.0;ročno potrjeno;Nemčija, Nemčija
Povocetto;Italija;Italija;Italija;IT;42.83333;12.83333;3175395.0;ročno potrjeno;Italija, Italija
Povodje pri Skaručni;Povodje;Povodje;Slovenija;SI;46.14284;14.47968;8989167.0;ročno potrjeno;Povodje, Občina Vodice, Slovenija
Požega;Požega;Požega;Hrvaška;HR;45.34028;17.68528;3190589.0;ročno potrjeno;Požega, Grad Požega, Požega-Slavonia County, Hrvaška
Prapreče;Prapreče;Prapreče;Slovenija;SI;46.24132;14.92985;8987460.0;ročno potrjeno;Prapreče, Občina Vransko, Slovenija
Prekorja pri Vojniku;Vojnik;Vojnik;Slovenija;SI;46.29328;15.3036;3187448.0;ročno potrjeno;Vojnik, Občina Vojnik, Slovenija
Premerlacco;Italija;Italija;Italija;IT;42.83333;12.83333;3175395.0;ročno potrjeno;Italija, Italija
Prevalje;Prevalje;Prevalje;Slovenija;SI;46.54703;14.92023;3192484.0;ročno potrjeno;Prevalje, Občina Prevalje, Slovenija
Prule;Ljubljana;Ljubljana;Slovenija;SI;46.05108;14.50513;3196359.0;ročno potrjeno;Ljubljana, Mestna občina Ljubljana, Slovenija
Pučinci v Prekmurju;Prekmurje;Prekmurje;Slovenija;SI;46.66667;16.16667;3192542.0;ročno potrjeno;Prekmurje, Mestna občina Murska Sobota, Slovenija
Radoha na Dolenjskem;Raduha;Raduha;Slovenija;SI;46.36667;14.75;3192055.0;ročno potrjeno;Raduha, Občina Luče, Slovenija
Ravnje;Ravnje;Ravnje;Slovenija;SI;45.7975;13.88528;3216545.0;ročno potrjeno;Ravnje, Občina Sežana, Slovenija
Rečica v Sav. Dolini;Rečica;Rečica ob Savinji;Slovenija;SI;46.31667;14.91667;3191756.0;ročno potrjeno;Rečica ob Savinji, Občina Rečica ob Savinji, Slovenija
Ribče pri Kresnici;Ribče;Ribče;Slovenija;SI;46.1;14.76667;3191695.0;ročno potrjeno;Ribče, Občina Litija, Slovenija
Ruše;Ruše;Občina Ruše;Slovenija;SI;46.518;15.49044;3239211.0;ročno potrjeno;Občina Ruše, Občina Ruše, Slovenija
S. Fiovani di Manzano;di Manzano;Manzano;Italija;IT;45.98843;13.37674;3174045.0;ročno potrjeno;Manzano, Udine, Furlanija - Julijska krajina, Italija
S. Glorgio di Nogaro;Nogaro;San Giorgio di Nogaro;Italija;IT;45.82745;13.21088;3168302.0;ročno potrjeno;San Giorgio di Nogaro, Udine, Furlanija - Julijska krajina, Italija
S. Leonaris;Italija;Italija;Italija;IT;42.83333;12.83333;3175395.0;ročno potrjeno;Italija, Italija
Selci nad Škofjo Loko;Škofja Loka;Škofja Loka;Slovenija;SI;46.16551;14.30626;3190717.0;ročno potrjeno;Škofja Loka, Občina Škofja Loka, Slovenija
Selci pri Cerkvenici;Selci;Selci Ðakovački;Hrvaška;HR;45.30917;18.35028;3191126.0;ročno potrjeno;Selci Ðakovački, Grad Đakovo, Osijek-Baranja County, Hrvaška
Sisan pri Pulju;Sisak;Sisek;Hrvaška;HR;45.46608;16.37748;3190813.0;ročno potrjeno;Sisek, Sisak, Sisak-Moslavina County, Hrvaška
Skandinavija;Scandinavia;Scandinavia;;;63.0;12.0;2614165.0;ročno potrjeno;Scandinavia
Smlednik pri Ljubljani;Smlednik;Smlednik;Slovenija;SI;46.16417;14.4325;3190474.0;ročno potrjeno;Smlednik, Občina Medvode, Slovenija
Sp. Hudinja;Hudinja;Hudinja;Slovenija;SI;46.23333;15.28333;3199218.0;ročno potrjeno;Hudinja, Slovenija
Spodnje Loke pri Krašnji;Krašnja;Krašnja;Slovenija;SI;46.16667;14.73333;3197348.0;ročno potrjeno;Krašnja, Občina Moravče, Slovenija
Srednja Amerika;Middle America;Central America;;;25.32417;-99.66797;7729892.0;ročno potrjeno;Central America
Stanjevci;Stanjevci;Stanjevci;Slovenija;SI;46.81;16.18722;3190038.0;ročno potrjeno;Stanjevci, Občina Gornji Petrovci, Slovenija
Stari trg pri Rakeku;Rakek;Rakek;Slovenija;SI;45.81333;14.31111;3192021.0;ročno potrjeno;Rakek, Občina Cerknica, Slovenija
Stražišče;Stražišče;Stražišče;Slovenija;SI;46.23306;14.3425;3215694.0;ročno potrjeno;Stražišče, Mestna občina Kranj, Slovenija
Struge na Dolenjskem;Struge;Pri Cerkvi - Struge;Slovenija;SI;45.78167;14.77472;3192442.0;ročno potrjeno;Pri Cerkvi - Struge, Občina Dobrepolje, Slovenija
Studenec pri Sevnici;Sevnica;Občina Sevnica;Slovenija;SI;46.0;15.3;3190949.0;ročno potrjeno;Občina Sevnica, Občina Sevnica, Slovenija
Sv. Križ pri Rogaški Slatini;Rogaška;Občina Rogaška Slatina;Slovenija;SI;46.24667;15.62944;3239234.0;ročno potrjeno;Občina Rogaška Slatina, Občina Rogaška Slatina, Slovenija
Sv. Lovrenc na Pohorju;Lovrenc;Lovrenc na Pohorju;Slovenija;SI;46.54134;15.39166;3196165.0;ročno potrjeno;Lovrenc na Pohorju, Občina Lovrenc na Pohorju, Slovenija
Sv. Trojica;Sv. Trojica;Občina Sveta Trojica v Slovenskih goricah;Slovenija;SI;46.56885;15.88916;8133590.0;ročno potrjeno;Občina Sveta Trojica v Slovenskih goricah, Občina Sveta Trojica v Slovenskih goricah, Slovenija
Tanenberg nad Ružarji;Tanenberg;Tannenberg;Nemčija;DE;50.6;12.95;6548497.0;ročno potrjeno;Tannenberg, Saška, Nemčija
Tarčent;Italija;Italija;Italija;IT;42.83333;12.83333;3175395.0;ročno potrjeno;Italija, Italija
Temenci pri Št. Vidu;Šentvid;Šentvid;Slovenija;SI;46.09639;14.46972;3191021.0;ročno potrjeno;Šentvid, Mestna občina Ljubljana, Slovenija
Tisa;Tisa;Tisa;Severna Makedonija;MK;41.63285;21.3324;8609831.0;ročno potrjeno;Tisa, Makedonski Brod, Severna Makedonija
Toplice pri Novem mestu;Toplice;Šmarješke Toplice;Slovenija;SI;45.86242;15.22188;6956379.0;ročno potrjeno;Šmarješke Toplice, Občina Šmarješke Toplice, Slovenija
Tracija;Italija;Italija;Italija;IT;42.83333;12.83333;3175395.0;ročno potrjeno;Italija, Italija
Tripolitanija;Italija;Italija;Italija;IT;42.83333;12.83333;3175395.0;ročno potrjeno;Italija, Italija
Trnovo;Trnovo;Četrtna skupnost Trnovo;Slovenija;SI;46.02412;14.48891;9794384.0;ročno potrjeno;Četrtna skupnost Trnovo, Četrtna skupnost Trnovo, Mestna občina Ljubljana, Slovenija
Ukve;Ukva;;;;;;;ni razrešeno;noben kandidat ni bil pravilen
Velenje;Velenje;Mestna občina Velenje;Slovenija;SI;46.35719;15.11277;3189075.0;ročno potrjeno;Mestna občina Velenje, Mestna občina Velenje, Slovenija
Vintgar;Vintgar;Vintgar;Slovenija;SI;46.4;14.1;3187710.0;ročno potrjeno;Vintgar, Občina Bled, Slovenija
Vis;Vis;Otok Vis;Hrvaška;HR;43.045;16.15167;3187683.0;ročno potrjeno;Otok Vis, Split-Dalmatia County, Hrvaška
Volovsko;Volosko;Volosko;Hrvaška;HR;45.35013;14.31645;3187413.0;ročno potrjeno;Volosko, Grad Opatija, Primorje-Gorski Kotar County, Hrvaška
Vršec;Vršec;Varshets;Bolgarija;BG;43.19356;23.2868;725623.0;ročno potrjeno;Varshets, Obshtina Varshets, Montana, Bolgarija
Zabukovca;Zabukovica;Zabukovica;Slovenija;SI;46.21408;15.15954;3186959.0;ročno potrjeno;Zabukovica, Občina Žalec, Slovenija
Zakresija;Zakres;Zakres;Albanija;AL;40.61667;19.63333;3183660.0;ročno potrjeno;Zakres, Bashkia Fier, Fier, Albanija
Zalog pri Faturju;Zalog;Zalog pod Sveto Trojico;Slovenija;SI;46.13423;14.67707;8987837.0;ročno potrjeno;Zalog pod Sveto Trojico, Občina Domžale, Slovenija
Zavodna pri Celju;Celje;Celje;Slovenija;SI;46.23092;15.26044;3202781.0;ročno potrjeno;Celje, Mestna občina Celje, Slovenija
Zidani Most;Zidani Most;Zidani Most;Slovenija;SI;46.08823;15.17284;3186469.0;ročno potrjeno;Zidani Most, Občina Laško, Slovenija
Zloselo;Zloselo;Zlosela;Bosna in Hercegovina;BA;43.99883;17.22289;3186381.0;ročno potrjeno;Zlosela, FBiH, Bosna in Hercegovina
Čatež pri Brežicah;Čatež;Čatež ob Savi;Slovenija;SI;45.88944;15.6025;3202844.0;ročno potrjeno;Čatež ob Savi, Občina Brežice, Slovenija
Čedad;Cividale;Cividale del Friuli;Italija;IT;46.09019;13.42861;3178605.0;ročno potrjeno;Cividale del Friuli, Udine, Furlanija - Julijska krajina, Italija
Čuprija;Čuprija;Ćuprija;Srbija;RS;43.9275;21.37;791678.0;ročno potrjeno;Ćuprija, Pomoravlje, Central Serbia, Srbija
Šentpeterska dolina;Žalec;Občina Žalec;Slovenija;SI;46.25508;15.1727;3186843.0;ročno potrjeno;Občina Žalec, Občina Žalec, Slovenija
Šiška;Šiška;Četrtna skupnost Šiška;Slovenija;SI;46.16667;14.43333;3196352.0;ročno potrjeno;Četrtna skupnost Šiška, Četrtna skupnost Šiška, Občina Medvode, Slovenija
Škale pri Velenju;Velenje;Mestna občina Velenje;Slovenija;SI;46.35719;15.11277;3189075.0;ročno potrjeno;Mestna občina Velenje, Mestna občina Velenje, Slovenija
Št. Jurij ob j. ž.;Šentjurij;Šentjurij na Dolenjskem;Slovenija;SI;45.87583;15.115;3191030.0;ročno potrjeno;Šentjurij na Dolenjskem, Občina Mirna Peč, Slovenija
Št. Lovrenc pod Prožinom pri Štorah;Štore;Občina Štore;Slovenija;SI;46.20111;15.32722;3239200.0;ročno potrjeno;Občina Štore, Občina Štore, Slovenija
Št. Pavel pri Preboldu;Prebold;Občina Prebold;Slovenija;SI;46.2173;15.09265;3344907.0;ročno potrjeno;Občina Prebold, Občina Prebold, Slovenija
Št. Vid pri Grobelnem;Šentvid;Šentvid pri Grobelnem;Slovenija;SI;46.22525;15.46053;3216450.0;ročno potrjeno;Šentvid pri Grobelnem, Občina Šmarje pri Jelšah, Slovenija
Švabska;Nemčija;Nemčija;Nemčija;DE;51.5;10.5;2921044.0;ročno potrjeno;Nemčija, Nemčija
Gjevgjelij;Gevgelija;Gevgelija;Severna Makedonija;MK;41.2;22.4;863854.0;ročno potrjeno;Gevgelija, Gevgelija, Severna Makedonija
Peloponez;Peloponnese;Peloponnese;Grčija;GR;37.5;22.33333;255620.0;ročno potrjeno;Peloponnese, Peloponnese, Grčija
Capacco;Češka;Češka;Češka;CZ;49.75;15.0;3077311.0;ročno potrjeno;Češka, Češka
Glince;Ljubljana;Ljubljana;Slovenija;SI;46.05108;14.50513;3196359.0;ročno potrjeno;Ljubljana, Mestna občina Ljubljana, Slovenija
Hudi potok;Šmartno ob Paki;Šmartno ob Paki;Slovenija;SI;46.33333;15.03333;3190498.0;ročno potrjeno;Šmartno ob Paki, Občina Šmartno ob Paki, Slovenija
Hudičekovo;Postojna;Postojna;Slovenija;SI;45.77435;14.21528;3192673.0;ročno potrjeno;Postojna, Občina Postojna, Slovenija
Kumrovo;Kumanovo;Kumanovo;Severna Makedonija;MK;42.13279;21.71585;788886.0;ročno potrjeno;Kumanovo, Kumanovo, Severna Makedonija
Lipaljaves;kanal;Občina Kanal ob Soči;Slovenija;SI;46.08972;13.64306;3239086.0;ročno potrjeno;Občina Kanal ob Soči, Občina Kanal ob Soči, Slovenija
Podrožnik;Mozirje;Občina Mozirje;Slovenija;SI;46.3612;14.95797;3194791.0;ročno potrjeno;Občina Mozirje, Občina Mozirje, Slovenija
Prežinska vas;Prožinska vas;Prožinska vas;Slovenija;SI;46.20892;15.34763;8986921.0;ročno potrjeno;Prožinska vas, Občina Štore, Slovenija
Vipota;Celje;Celje;Slovenija;SI;46.23092;15.26044;3202781.0;ročno potrjeno;Celje, Mestna občina Celje, Slovenija
Št. Ilje;Šentilj;Šentilj v Slovenskih goricah;Slovenija;SI;46.67921;15.65324;6956380.0;ročno potrjeno;Šentilj v Slovenskih goricah, Občina Šentilj, Slovenija
Žabnice;Camporosso;Camporosso;Italija;IT;43.8131;7.62829;3180927.0;ročno potrjeno;Camporosso, Provincia di Imperia, Ligurija, Italija
Župenje;Cerknica;Občina Cerknica;Slovenija;SI;45.8;14.36667;3202707.0;ročno potrjeno;Občina Cerknica, Občina Cerknica, Slovenija
Žutarek;Cmurek;Cmurek;Avstrija;AT;46.70806;15.77472;2771010.0;ročno potrjeno;Cmurek, Politischer Bezirk Südoststeiermark, Štajerska, Avstrija
Solun;Solun;Thessaloníki;Grčija;GR;40.64072;22.93493;734077.0;ročno potrjeno;Thessaloníki, Nomós Thessaloníkis, Osrednja Makedonija, Grčija
Boka;Boka;Boka;Kosovo;XK;42.56;20.28389;855506.0;ročno potrjeno;Boka, Kosovo
Tabor;Tabor;Občina Tabor;Slovenija;SI;46.22235;15.01434;3344904.0;ročno potrjeno;Občina Tabor, Občina Tabor, Slovenija
Batum;Batum;Batumi;Gruzija;GE;41.64077;41.6306;615532.0;ročno potrjeno;Batumi, Adžarija, Gruzija
Brač;Brač;Brač;Hrvaška;HR;43.32;16.63722;3203594.0;ročno potrjeno;Brač, Split-Dalmatia County, Hrvaška
Buja;Buja;Buja;Italija;IT;46.20662;13.11582;6534635.0;ročno potrjeno;Buja, Udine, Furlanija - Julijska krajina, Italija
Baker;Baker;Baker County;ZDA;US;30.33107;-82.28459;4146548.0;ročno potrjeno;Baker County, Baker, Florida, ZDA
Krakovo;Krakovo;Kraków;Poljska;PL;50.06143;19.93658;3094802.0;ročno potrjeno;Kraków, Krakov, Małopolskie, Poljska
Krašna;Krašnja;Krašnja;Slovenija;SI;46.16667;14.73333;3197348.0;ročno potrjeno;Krašnja, Občina Moravče, Slovenija
Leiteršperg;Leitersteig;Leitersteig;Avstrija;AT;47.73333;14.35;2598297.0;ročno potrjeno;Leitersteig, Zgornja Avstrija, Avstrija
Monte Carlo;Monte Carlo;Monte-Carlo;Monako;MC;43.73976;7.42732;2992741.0;ročno potrjeno;Monte-Carlo, Monako
Senovo;Senovo, Slovenija;Senovo;Slovenija;SI;46.02361;15.47694;3191044.0;ročno potrjeno;Senovo, Mestna občina Krško, Slovenija
Tebe;Tebe;Tebe;Egipt;EG;25.7;32.68333;347342.0;ročno potrjeno;Tebe, Luxor, Egipt
