kraj;omembe
Afrika;1
Alžir;1
Aman;1
Amerika;5
Anglija;7
Ankara;3
Apače;2
Avstralija;1
Avstrij;1
Avstrija;7
Balkan;3
Banjaluka;1
Barcelona;1
Begunje;2
Begunje pri Cerknici;1
Bela Krajina;1
Belgija;3
Beograd;28
Berlin;12
Bilbau;1
Bojanci;1
Bolgarija;5
Bolgarska;2
Boston;1
Bratislava;1
Brno;1
Bruelj;1
Bruselj;1
Budimpešta;8
Bukarešta;1
Čehoslovaška;2
Celje;22
Češkoslovašča;1
Češkoslovaška;7
Čimžar;1
Cirkovci;1
Čret;1
Crikvenica;2
Črnomelj;3
Curih;1
Dalmacija;3
Dežno;1
Dolenjska;1
Dolnja Lendava;1
Dornava;1
Dovje;1
Dragonja vas;1
Dravlje;1
Drulovka;1
Dubrovnik;2
Dunaj;11
Dvor;1
Francija;19
Gorenjska;1
Gornja sv. Kungota;1
Gornji grad;1
Gradec;1
Gradišče;1
Grčija;2
Hajdina;1
Hercegovina;1
Holandija;1
Hrastje Mota;1
Hrastnik;1
Hrvatska;2
Hvaletinci;1
Indija;1
Italija;19
Ivančna gorica;2
Japonska;4
Jesenice;10
Jugoslavija;12
Julijska Krajina;1
Južna Srbija;3
Kakanj;4
Kamnica;1
Kamnik;3
Kanada;1
Kaštel;1
Kitajska;4
Kočevje;1
Korzika;1
Kosovo polje;2
Kozje;1
Kragujevac;2
Kraljevo;1
Kranj;6
Krčevina;1
Kresnice;1
Križe;1
Krško;1
Lancova vas;1
Lapor;1
Laško;4
Laverca;1
Lesce;1
Leskovec;1
Linc;1
Lisca;1
Litija;2
Ljubljana;108
Ljubno;1
London;15
Lubljana;1
Lukovica;1
Madrid;4
Madžarska;9
Madžraska;1
majšperk;2
Makole;1
Maribor;33
Markovci;3
Maroko;2
Medvedce;1
Melj;1
Metlika;8
Milan;1
Mirna;1
Monakovo;1
Monte Carlo;1
Moravče;1
Moskva;2
Moste;2
Muljava;1
Muta;1
Nemčija;15
New York;2
Norveška;1
Nova Štifta;1
Novi sad;1
Novo mesto;9
Orehek;1
Otoče;1
Pariz;45
Plovdiv;1
Pobrežje;1
Podlož;1
Polhov gradec;1
Poljčane;4
Poljska;5
Praga;14
Prebačevo pri Trbojah;1
Prečna;1
Preserje;1
Primorje;1
Pristava;1
Ptuj;10
Radenci;1
Radovljica;1
Razvanje;1
Rim;8
Rio de Janeiro;1
Rogaška Slatina;1
Rumunija;3
Rusija;1
Samobor;1
Sarajevo;8
Senčur pri Kranju;1
Sežana na Krasu;1
Šibenik;1
Škofja Loka;4
Skoplje;6
Slatenk;1
Slavonski Brod;1
Slovaška;1
Slovenija;1
Sofija;5
Solčava;1
Solun;1
Sombor;2
Sovjetska Rusija;5
Španija;4
Split;12
Spodnje Pleterje;1
Št. Jurij v Jugoslaviji;1
Št. Lambert;1
Stara Loka;1
Stična;2
Straža pri Novem mestu;1
Straža-Toplice;1
Stražišče;2
Studenec;1
Subotica;1
Sušak;1
Sv. Kungota;1
Švica;2
Tirana;1
Tokijo;3
Tokio;1
Tomačevo;1
Trboje;3
Trbovlje;10
Trebnje;1
Tremerje;1
Trogir;2
Trojane;1
Trst;1
Tržič;2
Turčija;3
Turin;1
Tuzla;1
Valencija;1
Vancouver;1
Vardar;1
Varšava;4
Vevče;1
Virštanj;1
Višnja gora;1
Vitanje;1
Washington;5
Zabovci;1
Zabukovci;1
Zadar;1
Zagorje;2
Zagorje ob Savi;1
Zagreb;28
Žalec;1
Zamun;1
Zedinjene države;1
Železniki;1
Zemun;2
Ženeva;4
Zg. Besnica;1
Žiri;1
